"Name","ID","Note","Parent Type","Parent ID","Assigned to","Assigned User Id","Date Created","Date Modified","Created By","Modified By","Deleted","Currency","Part Number","Description","Number","Quantity","Cost Price","Cost Price (Default Currency)","List Price","List Price (Default Currency)","Discount","Discount (Default Currency)","Discount Amount","Discount Amount (Default Currency)","Discount Type","Unit Price","Unit Price (Default Currency)","Tax Amount","Tax Amount (Default Currency)","Total Price","Total Price (Default Currency)","Tax","Product ID","group_id","Modified By Name","modified_by_name_owner","modified_by_name_mod","Created By","created_by_name_owner","created_by_name_mod","assigned_user_name_owner","assigned_user_name_mod"
"Lorem ipsum dolor sit amet, consectetuer adipiscing elit. Maecenas porttitor congue massa. Fusce posuere, magna sed pulvinar ultricies, purus lectus malesuada libero, sit amet commodo magna eros quis urna","67bb9991-fbee-b559-08dd-67a4c6ca4c0e","Lorem ipsum dolor sit amet, consectetuer adipiscing elit. Maecenas porttitor congue massa. Fusce posuere, magna sed pulvinar ultricies, purus lectus malesuada libero, sit amet commodo magna eros quis urna","","67bce795-8f62-76fa-b87a-67a4c6018775","67bd377f-b572-8af1-65fc-67a4c66e69b2","67bd780b-95bc-4d9f-b24e-67a4c67de104","02/06/2025 14:27","02/06/2025 14:27","67c0d711-a7d5-4adf-d0df-67a4c68028f4","67c125f4-de5c-4598-76ba-67a4c6913217","0","67c16045-6fa2-4167-400c-67a4c6102d87","","Lorem ipsum dolor sit amet, consectetuer adipiscing elit. Maecenas porttitor congue massa. Fusce posuere, magna sed pulvinar ultricies, purus lectus malesuada libero, sit amet commodo magna eros quis urna","1","","","","","","","","","","Amt","","","","","","","17.5%","67c253ac-46af-5762-f95b-67a4c68f348f","67c28d17-3f47-6867-aa15-67a4c6a9bf1e","67c2c150-f759-9631-c4f3-67a4c6fea44b","","","67c2fa0d-1c29-c09d-a6e1-67a4c638e3ae","","","","",
"Lorem ipsum dolor sit amet, consectetuer adipiscing elit. Maecenas porttitor congue massa. Fusce posuere, magna sed pulvinar ultricies, purus lectus malesuada libero, sit amet commodo magna eros quis urna","67c335f9-4381-aedd-bdc3-67a4c66fa810","Lorem ipsum dolor sit amet, consectetuer adipiscing elit. Maecenas porttitor congue massa. Fusce posuere, magna sed pulvinar ultricies, purus lectus malesuada libero, sit amet commodo magna eros quis urna","","67c37651-83a6-efdc-479a-67a4c6a55d55","67c3bde0-3808-e67d-af80-67a4c6f51988","67c3ed08-25f9-2b17-f81c-67a4c648ba7a","02/06/2025 14:27","02/06/2025 14:27","67c558ce-3721-1973-1e53-67a4c6b81dfe","67c59c20-b2c5-3cea-bcd1-67a4c641c83b","0","67c5de24-4917-5452-563c-67a4c6e77426","","Lorem ipsum dolor sit amet, consectetuer adipiscing elit. Maecenas porttitor congue massa. Fusce posuere, magna sed pulvinar ultricies, purus lectus malesuada libero, sit amet commodo magna eros quis urna","4","","","","","","","","","","Pct","","","","","","","17.5%","67c673dc-0fa1-cbc0-3a2c-67a4c651bc1e","67c6b1fa-7fb0-e4ca-143e-67a4c6c64ee1","67c6e22c-9144-9cf4-bee3-67a4c62aa151","","","67c7121a-4397-e939-01a9-67a4c63c3c25","","","","",
"Lorem ipsum dolor sit amet, consectetuer adipiscing elit. Maecenas porttitor congue massa. Fusce posuere, magna sed pulvinar ultricies, purus lectus malesuada libero, sit amet commodo magna eros quis urna","67c76dee-fd8e-5971-b9fd-67a4c6a4ebcb","Lorem ipsum dolor sit amet, consectetuer adipiscing elit. Maecenas porttitor congue massa. Fusce posuere, magna sed pulvinar ultricies, purus lectus malesuada libero, sit amet commodo magna eros quis urna","","67c79ed0-f16a-f09b-10bd-67a4c65d5bfd","67c7c511-a062-aa64-18c2-67a4c6873e93","67c801b6-9315-e6d7-a6ca-67a4c608ba5e","02/06/2025 14:27","02/06/2025 14:27","67c955b4-3163-884c-66e9-67a4c6a92e61","67c99e1a-ae51-c4c8-e668-67a4c68d4a73","1","67c9de47-8d17-a1fa-7c83-67a4c6b0d2e7","","Lorem ipsum dolor sit amet, consectetuer adipiscing elit. Maecenas porttitor congue massa. Fusce posuere, magna sed pulvinar ultricies, purus lectus malesuada libero, sit amet commodo magna eros quis urna","4","","","","","","","","","","Amt","","","","","","","17.5%","67ca727b-120a-3365-e21c-67a4c655fc7e","67cab33b-8fd3-7362-a48e-67a4c61bc0a8","67caebb0-947c-c4db-3638-67a4c69a7d16","","","67cb2b2e-9a82-ef2b-0b84-67a4c6b1df71","","","","",
"Lorem ipsum dolor sit amet, consectetuer adipiscing elit. Maecenas porttitor congue massa. Fusce posuere, magna sed pulvinar ultricies, purus lectus malesuada libero, sit amet commodo magna eros quis urna","67cb68fe-af38-a9b5-662d-67a4c692ab9c","Lorem ipsum dolor sit amet, consectetuer adipiscing elit. Maecenas porttitor congue massa. Fusce posuere, magna sed pulvinar ultricies, purus lectus malesuada libero, sit amet commodo magna eros quis urna","","67cb97f2-9b93-bd41-d552-67a4c61cb5e4","67cbc6f4-33e7-013f-393f-67a4c69a42d7","67cc0209-7b66-8118-45f6-67a4c6bf5cdf","02/06/2025 14:27","02/06/2025 14:27","67cebbd6-7e9c-a4c7-4731-67a4c6a04e45","67cefed0-509c-b4ca-1a70-67a4c64a08ae","1","67cf3f0e-faea-4fc1-8f51-67a4c6def796","","Lorem ipsum dolor sit amet, consectetuer adipiscing elit. Maecenas porttitor congue massa. Fusce posuere, magna sed pulvinar ultricies, purus lectus malesuada libero, sit amet commodo magna eros quis urna","4","","","","","","","","","","Pct","","","","","","","5%","67cfc512-3761-c315-ef85-67a4c6fee8be","67d000e6-c8d9-b218-ddc9-67a4c6ec558f","67d03a7b-2d20-ecad-5aa3-67a4c6cb4c53","","","67d06c7c-fe08-023b-d166-67a4c6c739fb","","","","",
"Lorem ipsum dolor sit amet, consectetuer adipiscing elit. Maecenas porttitor congue massa. Fusce posuere, magna sed pulvinar ultricies, purus lectus malesuada libero, sit amet commodo magna eros quis urna","67d0a971-ca65-de21-49af-67a4c676bf88","Lorem ipsum dolor sit amet, consectetuer adipiscing elit. Maecenas porttitor congue massa. Fusce posuere, magna sed pulvinar ultricies, purus lectus malesuada libero, sit amet commodo magna eros quis urna","","67d0dcc1-950e-f796-8858-67a4c69eaf75","67d11306-251e-40ee-ea4f-67a4c65f9a2d","67d1485a-f6de-8251-62c4-67a4c6fc9296","02/06/2025 14:27","02/06/2025 14:27","67d2983a-ec66-d85a-a7ee-67a4c6d26323","67d2ca5d-0e99-234b-3184-67a4c689603d","0","67d308c5-4512-99d0-f43a-67a4c6c2df17","","Lorem ipsum dolor sit amet, consectetuer adipiscing elit. Maecenas porttitor congue massa. Fusce posuere, magna sed pulvinar ultricies, purus lectus malesuada libero, sit amet commodo magna eros quis urna","2","","","","","","","","","","Pct","","","","","","","20%","67d397f2-34af-6f35-27a3-67a4c67459bd","67d3cc6f-b07e-287c-ce75-67a4c62c3e24","67d3fbbf-4ea8-2d9e-b839-67a4c6992f68","","","67d422fb-f4c8-ce17-02bc-67a4c6675178","","","","",


"This is a sample import file which provides an example of the expected contents of a file that is ready for import."
"The file is a comma-delimited .csv file, using double-quotes as the field qualifier."

"The header row is the top-most row in the file and contains the field labels as you would see them in the application."
"These labels are used for mapping the data in the file to the fields in the application."

"Notes: The database names could also be used in the header row. This is useful when you are using phpMyAdmin or another database tool to provide an exported list of data to import."
"The column order is not critical as the import process matches the data to the appropriate fields based on the header row."


"To use this file as a template, do the following:"
"1. Remove the sample rows of data"
"2. Remove the help text that you are reading right now"
"3. Input your own data into the appropriate rows and columns"
"4. Save the file to a known location on your system"
"5. Click on the Import option from the Actions menu in the application and choose the file to upload"
   